Category,Food,Amount/$
protein,milk,13.512011810084497 gram
protein,egg,13.89674449309944 gram
protein,beef,12.615527065527067 gram
protein,chicken,
protein,pork,15.968531468531468 gram
protein,sardine,6.94597190293742 gram
protein,bean,5.869611111111112 gram
protein,almond,7.461888571217962 gram
protein,chia,9.179307789518969 gram
